<!-- ======================================================
	This file is part of MuJoCo.     
	Copyright 2009-2015 Roboti LLC.
	
	Model 		:: Barrett hand from Barrett technologies
		Source		: https://github.com/jhu-lcsr/barrett_model
		Downloaded	: 10Oct'15
		
	Mujoco		:: Advanced physics simulation engine
		Source		: www.roboti.us
		Version		: 1.22
		Released 	: 26Nov15
		
	Author		:: Vikash Kumar
		Contacts 	: kumar@roboti.us
		Last edits 	: 26Dec'15
====================================================== -->

<mujocoinclude>	
	<asset>
		<mesh file="bhand_palm_fine.stl"/>
		<mesh file="bhand_palm_link_convex_decomposition_p1.stl"/>
		<mesh file="bhand_palm_link_convex_decomposition_p2.stl"/>
		<mesh file="bhand_palm_link_convex_decomposition_p3.stl"/>
		<mesh file="bhand_palm_link_convex_decomposition_p4.stl"/>
		<mesh file="bhand_finger_prox_link_fine.stl"/>
		<mesh file="bhand_finger_prox_link_convex_decomposition_p1.stl"/>
		<mesh file="bhand_finger_prox_link_convex_decomposition_p2.stl"/>
		<mesh file="bhand_finger_prox_link_convex_decomposition_p3.stl"/>
		<mesh file="bhand_finger_med_link_fine.stl"/>
		<mesh file="bhand_finger_med_link_convex.stl"/>
		<mesh file="bhand_finger_dist_link_fine.stl"/>
		<mesh file="bhand_finger_dist_link_convex.stl"/>
	</asset>
	
	<default>
		<default class="wam/bhand">
			<joint type="hinge" limited="true" pos="0 0 0" axis="0 0 1" frictional="true" frictionloss=".001"/>
			<geom type="mesh" contype="0" conaffinity="1" group="0" rgba="0.5 0.6 0.7 1"/>			
		</default>
		<default class="wam/bhandViz">
			<geom type="mesh" contype="0" conaffinity="0" group="1" rgba="0.7 0.8 0.8 1"/>
		</default>
	</default>
	
</mujocoinclude>